[{"lat":1.257212,"lon":103.811241,"type":"CABLEWAY","title":"Sentosa Cableway (Siloso Point)","nodeId":920,"lineColor":"NAVYBLUE"},

{"lat":1.25382626222,"lon":103.81478132143019,"type":"CABLEWAY","title":"Sentosa Cableway (Imbiah Lookout)","nodeId":921,"lineColor":"NAVYBLUE"},

{"lat":1.254973,"lon":103.816255,"type":"CABLEWAY","title":"Sentosa Cableway (Merlion)","nodeId":922,"lineColor":"NAVYBLUE"},

{"lat":1.257212,"lon":103.811241,"type":"WAITING","lineColor":"NAVYBLUE","title":"","category":"","nodeId":917},

{"lat":1.25382626222,"lon":103.81478132143019,"type":"WAITING","lineColor":"NAVYBLUE","title":"","category":"","nodeId":918},

{"lat":1.254973,"lon":103.816255,"type":"WAITING","lineColor":"NAVYBLUE","title":"","category":"","nodeId":919}]